{"cameraMode":{"drawMode":0,"name":"Shaded","section":"Shading Mode"},"sceneLighting":true,"audioPlay":false,"sceneViewState":{"m_AlwaysRefresh":false,"showFog":true,"showSkybox":true,"showFlares":true,"showImageEffects":true,"showParticleSystems":true,"showVisualEffectGraphs":true,"m_FxEnabled":true},"in2DMode":false,"pivot":{"x":-0.1104295626282692,"y":2.7557504177093508,"z":-0.8663181662559509},"rotation":{"x":-0.04258597642183304,"y":0.0009006483596749604,"z":0.000009098042937694117,"w":0.9991056323051453},"size":0.26716047525405886,"orthographic":false}